league_id,user_id,roster_id,player_id,fantasy_positions,full_name,status,active,age,display_name,metadata_team_name,Owner,Length_Remaining,Acquired,Year_of_Contract,Pos,Per_Year_M,2025,2026,2027,2028
1.0680090641410621e+18,4.518075416476344e+17,1.0,5859,WR,A.J. Brown,Active,True,27.0,kevo1022,Hobblin Dobbins,Chad,1.0,RFA,2024.0,WR,$25.00,$25.00,,,
1.0680090641410621e+18,5.947302549840773e+17,4.0,6828,RB,A.J. Dillon,Active,True,27.0,Darkwater59,Solana ðŸš€ ,,,,,,,,,,
1.0680090641410621e+18,5.954641587748782e+17,11.0,10863,WR,A.T. Perry,Active,True,25.0,Koko3321,Kupp the balls,,,,,,,,,,
1.0680090641410621e+18,7.411449114070958e+17,12.0,4199,RB,Aaron Jones,Active,True,30.0,beebudda,Ezekiel's nasty house,Marcus,2.0,FM,2024.0,RB,$20.50,$20.50,$20.50,,
1.0680090641410621e+18,5.584833889966367e+17,6.0,96,QB,Aaron Rodgers,Active,True,41.0,socalifjimmy,Marvinâ€™s Naberhood,Chad,4.0,FM,2025.0,QB,$18.00,$18.00,$18.00,$18.00,$18.00
1.0680090641410621e+18,7.411449114070958e+17,12.0,1689,WR,Adam Thielen,Active,True,34.0,beebudda,Ezekiel's nasty house,,,,,,,,,,
1.0680090641410621e+18,1.0687067732232233e+18,8.0,11625,WR,Adonai Mitchell,Active,True,22.0,Tski25,Jabronis ,Tommy,2.0,2024-R2,2024.0,WR,$5.50,$5.50,$5.50,,
1.0680090641410621e+18,5.6174719668064256e+17,5.0,10866,QB,Aidan OConnell,Active,True,26.0,TMISH31,Chubba Lubba Dub Dub,Tyler,1.0,UFA,2024.0,QB,$11.50,$11.50,,,
1.0680090641410621e+18,7.411449114070958e+17,12.0,8142,WR,Alec Pierce,Active,True,25.0,beebudda,Ezekiel's nasty house,,,,,,,,,,
1.0680090641410621e+18,5.954641587748782e+17,11.0,5987,RB,Alexander Mattison,Active,True,27.0,Koko3321,Kupp the balls,Mike K,1.0,FM,2023.0,RB,$9.25,$9.25,,,
1.0680090641410621e+18,5.953313246890476e+17,9.0,4035,RB,Alvin Kamara,Active,True,29.0,RunTheBrews,,Chad,2.0,FM,2025.0,RB,$28.50,$28.50,$28.50,,
1.0680090641410621e+18,1.0687067732232233e+18,8.0,2309,WR,Amari Cooper,Active,True,30.0,Tski25,Jabronis ,Tommy,1.0,UFA,2022.0,WR,$15.25,$15.25,,,
1.0680090641410621e+18,5.953313246890476e+17,9.0,2359,RB,Ameer Abdullah,Active,True,31.0,RunTheBrews,,,,,,,,,,,
,,,,,Amon,,,,,,Kevin,3.0,FM,2024.0,WR,$46.50,$46.50,$46.50,$46.50,
1.0680090641410621e+18,4.518075416476344e+17,1.0,7547,WR,Amon-Ra St. Brown,Active,True,25.0,kevo1022,Hobblin Dobbins,,,,,,,,,,
1.0680090641410621e+18,4.518075416476344e+17,1.0,10226,WR,Andrei Iosivas,Active,True,25.0,kevo1022,Hobblin Dobbins,,,,,,,,,,
1.0680090641410621e+18,7.411449114070958e+17,12.0,9229,QB,Anthony Richardson,Active,True,23.0,beebudda,Ezekiel's nasty house,Zeke,1.0,2023-R1,2023.0,QB,$8.00,$8.00,,,
1.0680090641410621e+18,5.953313246890476e+17,9.0,6945,RB,Antonio Gibson,Active,True,27.0,RunTheBrews,,Chad,1.0,UFA,2023.0,RB,$10.50,$10.50,,,
,,,,,Ashton Jeanty,,,,,,Tommy,3.0,2025-R1,2025.0,RB,$9.75,$9.75,$9.75,$9.75,
1.0680090641410621e+18,1.0687067732232233e+18,8.0,11579,RB,Audric Estime,Active,True,21.0,Tski25,Jabronis ,Tommy-TS,2.0,2024-R3,2024.0,RB,$3.75,$3.75,$3.75,,
1.0680090641410621e+18,1.0687067732232233e+18,8.0,4663,RB,Austin Ekeler,Active,True,30.0,Tski25,Jabronis ,Tommy,1.0,FM,2024.0,RB,$27.00,$27.00,,,
1.0680090641410621e+18,4.518075416476344e+17,1.0,4892,QB,Baker Mayfield,Active,True,30.0,kevo1022,Hobblin Dobbins,Kevin,2.0,RFA,2025.0,QB,$40.00,$40.00,$40.00,,
1.0680090641410621e+18,5.483171429683364e+17,7.0,11596,TE,Ben Sinnott,Active,True,23.0,MikeNorys,Can't Stand Mike,Tommy,2.0,2024-R3,2024.0,TE,$3.25,$3.25,$3.25,,
,,,,,Bhayshul Tuten,,,,,,Mike N-TS,3.0,2025-R2,2025.0,RB,$4.25,$4.25,$4.25,$4.25,
1.0680090641410621e+18,5.95421624581288e+17,10.0,9509,RB,Bijan Robinson,Active,True,23.0,MileHighMorty,Bijan* Mustard,Matt,2.0,2023-R1,2023.0,RB,$8.50,$8.50,$23.50,,
1.0680090641410621e+18,4.518075416476344e+17,1.0,11586,RB,Blake Corum,Active,True,24.0,kevo1022,Hobblin Dobbins,Kevin-TS,2.0,2024-R2,2024.0,RB,$5.75,$5.75,$5.75,,
1.0680090641410621e+18,5.6174719668064256e+17,5.0,11563,QB,Bo Nix,Active,True,25.0,TMISH31,Chubba Lubba Dub Dub,Tyler,2.0,2024-R1,2024.0,QB,$8.25,$8.25,$8.25,,
1.0680090641410621e+18,5.95421624581288e+17,10.0,11576,RB,Braelon Allen,Active,True,21.0,MileHighMorty,Bijan* Mustard,Matt,2.0,2024-R3,2024.0,RB,$3.00,$3.00,$3.00,,
1.0680090641410621e+18,5.954641587748782e+17,11.0,2197,WR,Brandin Cooks,Active,True,31.0,Koko3321,Kupp the balls,,,,,,,,,,
1.0680090641410621e+18,5.947302549840773e+17,4.0,6803,WR,Brandon Aiyuk,Active,True,27.0,Darkwater59,Solana ðŸš€ ,Marcus,1.0,RFA,2024.0,WR,$19.50,$19.50,,,
,,,,,Brashard Smith,,,,,,Kevin-TS,3.0,2025-R3,2025.0,RB,$2.75,$2.75,$2.75,$2.75,
1.0680090641410621e+18,5.584833889966367e+17,6.0,8155,RB,Breece Hall,Active,True,24.0,socalifjimmy,Marvinâ€™s Naberhood,Jim,1.0,2022-R1,2022.0,RB,$7.75,$23.50,,,
1.0680090641410621e+18,5.6174719668064256e+17,5.0,11621,WR,Brenden Rice,Active,True,23.0,TMISH31,Chubba Lubba Dub Dub,Tyler-Cut,2.0,2024-R4,2024.0,WR,$1.75,$1.75,$1.75,,
1.0680090641410621e+18,4.518075416476344e+17,1.0,9480,TE,Brenton Strange,Active,True,24.0,kevo1022,Hobblin Dobbins,Kevin,2.0,RFA,2025.0,TE,$9.25,$9.25,$9.25,,
1.0680090641410621e+18,5.6171540802973696e+17,2.0,8154,RB,Brian Robinson,Active,True,26.0,chavo317,Jamar Javarison-Lamar,Mike N,2.0,RFA,2025.0,RB,$22.00,$22.00,$22.00,,
1.0680090641410621e+18,5.95421624581288e+17,10.0,11631,WR,Brian Thomas,Active,True,22.0,MileHighMorty,Bijan* Mustard,Matt,2.0,2024-R2,2024.0,WR,$6.00,$6.00,$6.00,,
1.0680090641410621e+18,5.584833889966367e+17,6.0,11604,TE,Brock Bowers,Active,True,22.0,socalifjimmy,Marvinâ€™s Naberhood,Jim,2.0,2024-R1,2024.0,TE,$8.00,$8.00,$8.00,,
1.0680090641410621e+18,5.954641587748782e+17,11.0,8183,QB,Brock Purdy,Active,True,25.0,Koko3321,Kupp the balls,Ruben,2.0,RFA,2025.0,QB,$39.00,$39.00,$39.00,,
1.0680090641410621e+18,5.483171429683364e+17,7.0,9228,QB,Bryce Young,Active,True,23.0,MikeNorys,Can't Stand Mike,Mike N,1.0,2023-R1,2023.0,QB,$8.25,$8.25,$23.75,,
1.0680090641410621e+18,5.6171540802973696e+17,2.0,11748,WR,Bub Means,Active,True,24.0,chavo317,Jamar Javarison-Lamar,,,,,,,,,,
1.0680090641410621e+18,4.721360335263457e+17,3.0,11584,RB,Bucky Irving,Active,True,22.0,mrTman,SuckMyDitka,Nick,2.0,2024-R3,2024.0,RB,$3.00,$3.00,$3.00,,
1.0680090641410621e+18,4.518075416476344e+17,1.0,9758,QB,C.J. Stroud,Active,True,23.0,kevo1022,Hobblin Dobbins,Kevin,2.0,2023-R1,2023.0,QB,$7.25,$7.25,$23.75,,
1.0680090641410621e+18,5.6171540802973696e+17,2.0,8111,TE,Cade Otton,Active,True,26.0,chavo317,Jamar Javarison-Lamar,Ruben,3.0,UFA,2024.0,TE,$0.75,$0.75,$0.75,$0.75,
1.0680090641410621e+18,5.947302549840773e+17,4.0,11599,TE,Cade Stover,Active,True,25.0,Darkwater59,Solana ðŸš€ ,Marcus-TS,2.0,2024-R4,2024.0,TE,$1.00,$1.00,$1.00,,
1.0680090641410621e+18,5.483171429683364e+17,7.0,11560,QB,Caleb Williams,Active,True,23.0,MikeNorys,Can't Stand Mike,Mike N,2.0,2024-R1,2024.0,QB,$9.50,$9.50,$9.50,,
1.0680090641410621e+18,5.953313246890476e+17,9.0,8125,WR,Calvin Austin,Active,True,26.0,RunTheBrews,,,,,,,,,,,
1.0680090641410621e+18,5.6174719668064256e+17,5.0,4981,WR,Calvin Ridley,Active,True,30.0,TMISH31,Chubba Lubba Dub Dub,Tyler,2.0,FM,2024.0,WR,$16.50,$16.50,$16.50,,
1.0680090641410621e+18,5.953313246890476e+17,9.0,6938,RB,Cam Akers,Active,True,26.0,RunTheBrews,,,,,,,,,,,
,,,,,Cam Skattebo,,,,,,Tyler,3.0,2025-R2,2025.0,RB,$6.75,$6.75,$6.75,$6.75,
,,,,,Cameron Ward,,,,,,Chad,3.0,2025-R1,2025.0,QB,$8.75,$8.75,$8.75,$8.75,
1.0680090641410621e+18,1.0687067732232233e+18,8.0,11582,RB,Carson Steele,Active,True,22.0,Tski25,Jabronis ,,,,,,,,,,
1.0680090641410621e+18,5.95421624581288e+17,10.0,10444,WR,Cedric Tillman,Active,True,25.0,MileHighMorty,Bijan* Mustard,Matt,2.0,UFA,2025.0,WR,$4.50,$4.50,$4.50,,
1.0680090641410621e+18,5.947302549840773e+17,4.0,6786,WR,CeeDee Lamb,Active,True,26.0,Darkwater59,Solana ðŸš€ ,Marcus,1.0,FT,2025.0,WR,$43.50,$43.50,,,
1.0680090641410621e+18,5.954641587748782e+17,11.0,10228,WR,Charlie Jones,Active,True,26.0,Koko3321,Kupp the balls,,,,,,,,,,
1.0680090641410621e+18,4.721360335263457e+17,3.0,9224,RB,Chase Brown,Active,True,25.0,mrTman,SuckMyDitka,Nick,1.0,2023-R3,2023.0,RB,$3.00,$3.00,,,
1.0680090641410621e+18,7.411449114070958e+17,12.0,2381,WR,Chris Conley,Active,True,32.0,beebudda,Ezekiel's nasty house,,,,,,,,,,
1.0680090641410621e+18,4.518075416476344e+17,1.0,4037,WR,Chris Godwin,Active,True,29.0,kevo1022,Hobblin Dobbins,Kevin,3.0,UFA/Rstr2024,2024.0,WR,$22.00,$11.00,$11.00,$11.00,
1.0680090641410621e+18,5.483171429683364e+17,7.0,8144,WR,Chris Olave,Active,True,25.0,MikeNorys,Can't Stand Mike,Mike N,1.0,2022-R1,2022.0,WR,$6.75,$18.00,,,
1.0680090641410621e+18,1.0687067732232233e+18,8.0,4950,WR,Christian Kirk,Active,True,28.0,Tski25,Jabronis ,Mike N,1.0,UFA,2025.0,WR,$10.25,$10.25,,,
1.0680090641410621e+18,7.411449114070958e+17,12.0,4034,RB,Christian McCaffrey,Active,True,29.0,beebudda,Ezekiel's nasty house,Zeke,1.0,RFA/Rstr2024,2024.0,RB,$72.00,$36.00,,,
1.0680090641410621e+18,1.0687067732232233e+18,8.0,8167,WR,Christian Watson,Active,True,26.0,Tski25,Jabronis ,Tommy-IR,1.0,2022-R1,2022.0,WR,$5.25,$0.00,,,
1.0680090641410621e+18,5.6171540802973696e+17,2.0,7594,RB,Chuba Hubbard,Active,True,26.0,chavo317,Jamar Javarison-Lamar,Ruben,2.0,RFA,2025.0,RB,$33.00,$33.00,$33.00,,
1.0680090641410621e+18,5.947302549840773e+17,4.0,6820,RB,Clyde Edwards-Helaire,Active,True,26.0,Darkwater59,Solana ðŸš€ ,,,,,,,,,,
1.0680090641410621e+18,4.518075416476344e+17,1.0,6826,TE,Cole Kmet,Active,True,26.0,kevo1022,Hobblin Dobbins,Chad,2.0,UFA,2025.0,TE,$3.00,$3.00,$3.00,,
,,,,,Colston Loveland,,,,,,Mike N-TS,3.0,2025-R2,2025.0,TE,$6.25,$6.25,$6.25,$6.25,
1.0680090641410621e+18,5.954641587748782e+17,11.0,4039,WR,Cooper Kupp,Active,True,32.0,Koko3321,Kupp the balls,Mike K,1.0,RFA,2024.0,WR,$24.50,$24.50,,,
1.0680090641410621e+18,4.518075416476344e+17,1.0,4574,QB,Cooper Rush,Active,True,31.0,kevo1022,Hobblin Dobbins,,,,,,,,,,
1.0680090641410621e+18,5.954641587748782e+17,11.0,5045,WR,Courtland Sutton,Active,True,29.0,Koko3321,Kupp the balls,Mike K,2.0,UFA,2023.0,WR,$9.25,$9.25,$9.25,,
1.0680090641410621e+18,5.95421624581288e+17,10.0,4082,WR,Curtis Samuel,Active,True,28.0,MileHighMorty,Bijan* Mustard,Matt,1.0,FM,2023.0,WR,$3.50,$3.50,,,
1.0680090641410621e+18,5.947302549840773e+17,4.0,6790,RB,DAndre Swift,Active,True,26.0,Darkwater59,Solana ðŸš€ ,,,,,,,,,,
,,,,,DJ Giddens,,,,,,Tyler,3.0,2025-R4,2025.0,RB,$2.25,$2.25,$2.25,$2.25,
1.0680090641410621e+18,5.953313246890476e+17,9.0,4983,WR,DJ Moore,Active,True,28.0,RunTheBrews,,Chad,1.0,RFA,2024.0,WR,$26.50,$26.50,,,
1.0680090641410621e+18,5.95421624581288e+17,10.0,5846,WR,DK Metcalf,Active,True,27.0,MileHighMorty,Bijan* Mustard,Matt,3.0,FM,2024.0,WR,$33.50,$33.50,$33.50,$33.50,
1.0680090641410621e+18,5.953313246890476e+17,9.0,4111,RB,DOnta Foreman,Active,True,28.0,RunTheBrews,,,,,,,,,,,
1.0680090641410621e+18,7.411449114070958e+17,12.0,3294,QB,Dak Prescott,Active,True,31.0,beebudda,Ezekiel's nasty house,Zeke,1.0,RFA,2024.0,QB,$45.50,$45.50,,,
1.0680090641410621e+18,4.721360335263457e+17,3.0,5022,TE,Dallas Goedert,Active,True,30.0,mrTman,SuckMyDitka,,,,,,,,,,
1.0680090641410621e+18,5.947302549840773e+17,4.0,10236,TE,Dalton Kincaid,Active,True,25.0,Darkwater59,Solana ðŸš€ ,Marcus,1.0,2023-R1,2023.0,TE,$6.25,$6.25,$9.75,,
1.0680090641410621e+18,1.0687067732232233e+18,8.0,5001,TE,Dalton Schultz,Active,True,28.0,Tski25,Jabronis ,Tommy,1.0,UFA,2022.0,TE,$6.50,$6.50,,,
1.0680090641410621e+18,7.411449114070958e+17,12.0,4029,RB,Dalvin Cook,Active,True,29.0,beebudda,Ezekiel's nasty house,,,,,,,,,,
1.0680090641410621e+18,5.95421624581288e+17,10.0,8129,RB,Dameon Pierce,Active,True,25.0,MileHighMorty,Bijan* Mustard,,,,,,,,,,
1.0680090641410621e+18,5.95421624581288e+17,10.0,5870,QB,Daniel Jones,Active,True,28.0,MileHighMorty,Bijan* Mustard,Zeke,2.0,UFA,2025.0,QB,$16.00,$16.00,$16.00,,
1.0680090641410621e+18,5.947302549840773e+17,4.0,6149,WR,Darius Slayton,Active,True,28.0,Darkwater59,Solana ðŸš€ ,,,,,,,,,,
1.0680090641410621e+18,5.6171540802973696e+17,2.0,7090,WR,Darnell Mooney,Active,True,27.0,chavo317,Jamar Javarison-Lamar,Zeke,2.0,UFA,2025.0,WR,$15.00,$15.00,$15.00,,
1.0680090641410621e+18,5.95421624581288e+17,10.0,9479,TE,Darnell Washington,Active,True,23.0,MileHighMorty,Bijan* Mustard,,,,,,,,,,
1.0680090641410621e+18,5.947302549840773e+17,4.0,7064,RB,Darrynton Evans,Active,True,26.0,Darkwater59,Solana ðŸš€ ,,,,,,,,,,
1.0680090641410621e+18,4.721360335263457e+17,3.0,2133,WR,Davante Adams,Active,True,32.0,mrTman,SuckMyDitka,Nick,1.0,RFA,2024.0,WR,$30.00,$30.00,,,
1.0680090641410621e+18,4.518075416476344e+17,1.0,5892,RB,David Montgomery,Active,True,28.0,kevo1022,Hobblin Dobbins,Kevin,2.0,FM,2024.0,RB,$21.50,$21.50,$21.50,,
1.0680090641410621e+18,5.584833889966367e+17,6.0,4033,TE,David Njoku,Active,True,28.0,socalifjimmy,Marvinâ€™s Naberhood,Jim,1.0,UFA,2022.0,TE,$6.25,$6.25,,,
1.0680090641410621e+18,4.518075416476344e+17,1.0,1426,WR,DeAndre Hopkins,Active,True,33.0,kevo1022,Hobblin Dobbins,,,,,,,,,,
1.0680090641410621e+18,4.721360335263457e+17,3.0,9501,WR,DeMario Douglas,Active,True,24.0,mrTman,SuckMyDitka,Nick,1.0,UFA,2024.0,WR,$11.00,$11.00,,,
1.0680090641410621e+18,4.721360335263457e+17,3.0,9226,RB,DeVon Achane,Active,True,23.0,mrTman,SuckMyDitka,Nick,2.0,2023-R1,2023.0,RB,$6.50,$6.50,$23.50,,
1.0680090641410621e+18,5.6174719668064256e+17,5.0,7525,WR,DeVonta Smith,Active,True,26.0,TMISH31,Chubba Lubba Dub Dub,Tyler,1.0,RFA,2024.0,WR,$24.50,$24.50,,,
,,,,,Deandre Swift,,,,,,Mike N,2.0,FM,2025.0,RB,$22.00,$22.00,$22.00,,
1.0680090641410621e+18,5.954641587748782e+17,11.0,5872,WR,Deebo Samuel,Active,True,29.0,Koko3321,Kupp the balls,Zeke,3.0,UFA,2025.0,WR,$12.00,$12.00,$12.00,$12.00,
1.0680090641410621e+18,5.947302549840773e+17,4.0,3286,WR,Demarcus Robinson,Active,True,30.0,Darkwater59,Solana ðŸš€ ,,,,,,,,,,
1.0680090641410621e+18,5.6174719668064256e+17,5.0,2028,QB,Derek Carr,Active,True,34.0,TMISH31,Chubba Lubba Dub Dub,Tyler-Cut,2.0,UFA,2024.0,QB,$31.25,$31.25,$31.25,,
1.0680090641410621e+18,5.954641587748782e+17,11.0,3198,RB,Derrick Henry,Active,True,31.0,Koko3321,Kupp the balls,Mike K,1.0,RFA,2024.0,RB,$35.00,$35.00,,,
1.0680090641410621e+18,1.0687067732232233e+18,8.0,4017,QB,Deshaun Watson,Active,True,29.0,Tski25,Jabronis ,Tommy-IR,1.0,UFA,2022.0,QB,$42.00,$0.00,,,
1.0680090641410621e+18,4.721360335263457e+17,3.0,8159,QB,Desmond Ridder,Active,True,25.0,mrTman,SuckMyDitka,,,,,,,,,,
1.0680090641410621e+18,5.483171429683364e+17,7.0,9505,RB,Deuce Vaughn,Active,True,23.0,MikeNorys,Can't Stand Mike,Mike N,1.0,2023-R4,2023.0,RB,$1.50,$1.50,,,
1.0680090641410621e+18,5.6174719668064256e+17,5.0,11834,WR,Devaughn Vele,Active,True,27.0,TMISH31,Chubba Lubba Dub Dub,,,,,,,,,,
1.0680090641410621e+18,1.0687067732232233e+18,8.0,6847,WR,Devin Duvernay,Active,True,27.0,Tski25,Jabronis ,,,,,,,,,,
,,,,,Devin Neal,,,,,,Tyler,3.0,2025-R3,2025.0,RB,$2.50,$2.50,$2.50,$2.50,
1.0680090641410621e+18,5.6174719668064256e+17,5.0,11629,WR,Devontez Walker,Active,True,24.0,TMISH31,Chubba Lubba Dub Dub,Tyler-TS,2.0,2024-R4,2024.0,WR,$2.25,$2.25,$2.25,,
,,,,,Dillon Gabriel,,,,,,Tyler-TS,3.0,2025-R4,2025.0,QB,$2.25,$2.25,$2.25,$2.25,
,,,,,Donovan Peoples,,,,,,Tommy-Cut,1.0,FM,2022.0,WR,$4.50,$4.50,,,
1.0680090641410621e+18,1.0687067732232233e+18,8.0,6824,WR,Donovan Peoples-Jones,Active,True,26.0,Tski25,Jabronis ,,,,,,,,,,
1.0680090641410621e+18,5.6171540802973696e+17,2.0,9486,WR,Dontayvion Wicks,Active,True,24.0,chavo317,Jamar Javarison-Lamar,Ruben,3.0,FM,2024.0,WR,$12.50,$12.50,$12.50,$12.50,
1.0680090641410621e+18,5.483171429683364e+17,7.0,10862,QB,Dorian Thompson-Robinson,Active,True,25.0,MikeNorys,Can't Stand Mike,,,,,,,,,,
1.0680090641410621e+18,5.947302549840773e+17,4.0,8112,WR,Drake London,Active,True,23.0,Darkwater59,Solana ðŸš€ ,Marcus,1.0,2022-R1,2022.0,WR,$7.00,$18.00,,,
1.0680090641410621e+18,4.518075416476344e+17,1.0,11564,QB,Drake Maye,Active,True,22.0,kevo1022,Hobblin Dobbins,Kevin,2.0,2024-R1,2024.0,QB,$7.50,$7.50,$7.50,,
1.0680090641410621e+18,4.721360335263457e+17,3.0,5854,QB,Drew Lock,Active,True,28.0,mrTman,SuckMyDitka,Nick,2.0,UFA,2024.0,QB,$4.00,$4.00,$4.00,,
1.0680090641410621e+18,4.518075416476344e+17,1.0,11574,RB,Dylan Laube,Active,True,25.0,kevo1022,Hobblin Dobbins,,,,,,,,,,
,,,,,Dylan Sampson,,,,,,Tommy-TS,3.0,2025-R3,2025.0,RB,$2.75,$2.75,$2.75,$2.75,
,,,,,Elic Ayomanor,,,,,,Marcus-TS,3.0,2025-R3,2025.0,WR,$2.50,$2.50,$2.50,$2.50,
,,,,,Elijah Arroyo,,,,,,Marcus-TS,3.0,2025-R3,2025.0,TE,$2.50,$2.50,$2.50,$2.50,
1.0680090641410621e+18,5.947302549840773e+17,4.0,7561,RB,Elijah Mitchell,Active,True,27.0,Darkwater59,Solana ðŸš€ ,Chad,2.0,UFA,2025.0,RB,$3.50,$3.50,$3.50,,
1.0680090641410621e+18,5.584833889966367e+17,6.0,7596,WR,Elijah Moore,Active,True,25.0,socalifjimmy,Marvinâ€™s Naberhood,Jim,1.0,RFA,2024.0,WR,$12.25,$12.25,,,
1.0680090641410621e+18,1.0687067732232233e+18,8.0,11435,RB,Emanuel Wilson,Active,True,26.0,Tski25,Jabronis ,,,,,,,,,,
,,,,,Emeka Egbuka,,,,,,Kevin,3.0,2025-R1,2025.0,WR,$7.25,$7.25,$7.25,$7.25,
1.0680090641410621e+18,5.6171540802973696e+17,2.0,11592,TE,Erick All,Active,True,24.0,chavo317,Jamar Javarison-Lamar,Ruben-IR,2.0,2024-R4,2024.0,TE,$1.25,$0.00,$1.25,,
1.0680090641410621e+18,7.411449114070958e+17,12.0,4066,TE,Evan Engram,Active,True,30.0,beebudda,Ezekiel's nasty house,Tommy,2.0,UFA,2025.0,TE,$7.50,$7.50,$7.50,,
1.0680090641410621e+18,7.411449114070958e+17,12.0,3164,RB,Ezekiel Elliott,Active,True,29.0,beebudda,Ezekiel's nasty house,Zeke,1.0,FM,2024.0,RB,$10.00,$10.00,,,
1.0680090641410621e+18,5.6171540802973696e+17,2.0,5985,TE,Foster Moreau,Active,True,28.0,chavo317,Jamar Javarison-Lamar,,,,,,,,,,
1.0680090641410621e+18,5.954641587748782e+17,11.0,11573,RB,Frank Gore,Active,True,23.0,Koko3321,Kupp the balls,Mike K-Cut,2.0,2024-R4,2024.0,RB,$1.25,$1.25,$1.25,,
1.0680090641410621e+18,7.411449114070958e+17,12.0,6943,WR,Gabe Davis,Active,True,26.0,beebudda,Ezekiel's nasty house,,,,,,,,,,
1.0680090641410621e+18,4.518075416476344e+17,1.0,6011,QB,Gardner Minshew,Active,True,29.0,kevo1022,Hobblin Dobbins,,,,,,,,,,
1.0680090641410621e+18,5.584833889966367e+17,6.0,8146,WR,Garrett Wilson,Active,True,24.0,socalifjimmy,Marvinâ€™s Naberhood,Jim,1.0,2022-R1,2022.0,WR,$5.75,$18.00,,,
1.0680090641410621e+18,7.411449114070958e+17,12.0,1373,QB,Geno Smith,Active,True,34.0,beebudda,Ezekiel's nasty house,Zeke,3.0,UFA,2024.0,QB,$15.00,$15.00,$15.00,$15.00,
1.0680090641410621e+18,5.6174719668064256e+17,5.0,4217,TE,George Kittle,Active,True,31.0,TMISH31,Chubba Lubba Dub Dub,Tyler,1.0,RFA,2024.0,TE,$14.50,$14.50,,,
1.0680090641410621e+18,4.721360335263457e+17,3.0,8137,WR,George Pickens,Active,True,24.0,mrTman,SuckMyDitka,Tyler,4.0,UFA,2025.0,WR,$16.50,$16.50,$16.50,$16.50,$16.50
1.0680090641410621e+18,7.411449114070958e+17,12.0,8177,TE,Grant Calcaterra,Active,True,26.0,beebudda,Ezekiel's nasty house,,,,,,,,,,
,,,,,Gunnar Helm,,,,,,Tyler-TS,3.0,2025-R4,2025.0,TE,$1.25,$1.25,$1.25,$1.25,
1.0680090641410621e+18,1.0687067732232233e+18,8.0,5248,RB,Gus Edwards,Active,True,29.0,Tski25,Jabronis ,Tommy,2.0,UFA,2023.0,RB,$2.50,$2.50,$2.50,,
,,,,,Harold Fannin,,,,,,Tommy-TS,3.0,2025-R3,2025.0,TE,$3.00,$3.00,$3.00,$3.00,
1.0680090641410621e+18,7.411449114070958e+17,12.0,9998,QB,Hendon Hooker,Active,True,27.0,beebudda,Ezekiel's nasty house,,,,,,,,,,
1.0680090641410621e+18,5.584833889966367e+17,6.0,5848,WR,Hollywood Brown,Active,True,28.0,socalifjimmy,Marvinâ€™s Naberhood,Jim,1.0,UFA,2023.0,WR,$15.00,$15.00,,,
1.0680090641410621e+18,5.954641587748782e+17,11.0,3214,TE,Hunter Henry,Active,True,30.0,Koko3321,Kupp the balls,Mike K,1.0,UFA,2024.0,TE,$9.00,$9.00,,,
1.0680090641410621e+18,5.483171429683364e+17,7.0,11651,RB,Isaac Guerendo,Active,True,25.0,MikeNorys,Can't Stand Mike,Mike N,2.0,2024-R3,2024.0,RB,$2.50,$2.50,$2.50,,
,,,,,Isaac TeSlaa,,,,,,Zeke-TS,3.0,2025-R4,2025.0,WR,$2.00,$2.00,$2.00,$2.00,
1.0680090641410621e+18,4.518075416476344e+17,1.0,11571,RB,Isaiah Davis,Active,True,23.0,kevo1022,Hobblin Dobbins,Kevin,2.0,UFA,2025.0,RB,$2.00,$2.00,$2.00,,
1.0680090641410621e+18,5.6171540802973696e+17,2.0,8131,TE,Isaiah Likely,Active,True,25.0,chavo317,Jamar Javarison-Lamar,Ruben,3.0,UFA,2024.0,TE,$9.75,$9.75,$9.75,$9.75,
,,,,,Isaih Pacheco,,,,,,Mike N,1.0,FM,2025.0,RB,$34.00,$34.00,,,
1.0680090641410621e+18,5.954641587748782e+17,11.0,8205,RB,Isiah Pacheco,Active,True,26.0,Koko3321,Kupp the balls,,,,,,,,,,
1.0680090641410621e+18,7.411449114070958e+17,12.0,9227,RB,Israel Abanikanda,Active,True,22.0,beebudda,Ezekiel's nasty house,,,,,,,,,,
1.0680090641410621e+18,1.0687067732232233e+18,8.0,11565,QB,J.J. McCarthy,Active,True,22.0,Tski25,Jabronis ,Tommy,2.0,2024-R1,2024.0,QB,$8.50,$8.50,$8.50,,
1.0680090641410621e+18,1.0687067732232233e+18,8.0,6806,RB,J.K. Dobbins,Active,True,26.0,Tski25,Jabronis ,Tommy,3.0,UFA/Rstr2024,2024.0,RB,$12.25,$6.00,$6.00,$6.00,
1.0680090641410621e+18,5.483171429683364e+17,7.0,11619,WR,JaLynn Polk,Active,True,23.0,MikeNorys,Can't Stand Mike,Mike N,2.0,2024-R2,2024.0,WR,$4.00,$4.00,$4.00,,
1.0680090641410621e+18,5.954641587748782e+17,11.0,7564,WR,JaMarr Chase,Active,True,25.0,Koko3321,Kupp the balls,Mike K,1.0,FT,2025.0,WR,$43.50,$43.50,,,
1.0680090641410621e+18,5.953313246890476e+17,9.0,11600,TE,JaTavion Sanders,Active,True,22.0,RunTheBrews,,Chad-TS,2.0,2024-R3,2024.0,TE,$2.50,$2.50,$2.50,,
,,,,,Jack Bech,,,,,,Ruben,3.0,2025-R3,2025.0,WR,$3.75,$3.75,$3.75,$3.75,
1.0680090641410621e+18,7.411449114070958e+17,12.0,11616,WR,Jacob Cowing,Active,True,24.0,beebudda,Ezekiel's nasty house,Zeke-TS,2.0,2024-R4,2024.0,WR,$1.50,$1.50,$1.50,,
,,,,,Jacory Croskey,,,,,,Mike N-TS,3.0,2025-R3,2025.0,RB,$2.50,$2.50,$2.50,$2.50,
1.0680090641410621e+18,1.0687067732232233e+18,8.0,8119,WR,Jahan Dotson,Active,True,25.0,Tski25,Jabronis ,Marcus,4.0,FM,2025.0,WR,$0.50,$0.50,$0.50,$0.50,$0.50
1.0680090641410621e+18,4.518075416476344e+17,1.0,9221,RB,Jahmyr Gibbs,Active,True,23.0,kevo1022,Hobblin Dobbins,Kevin,2.0,2023-R1,2023.0,RB,$7.75,$7.75,$23.50,,
1.0680090641410621e+18,5.483171429683364e+17,7.0,8110,TE,Jake Ferguson,Active,True,26.0,MikeNorys,Can't Stand Mike,Mike N,3.0,FM,2024.0,TE,$8.00,$8.00,$8.00,$8.00,
1.0680090641410621e+18,4.721360335263457e+17,3.0,5947,WR,Jakobi Meyers,Active,True,28.0,mrTman,SuckMyDitka,Mike K,4.0,FM,2025.0,WR,$19.25,$19.25,$19.25,$19.25,$19.25
1.0680090641410621e+18,5.6171540802973696e+17,2.0,11439,RB,Jaleel McLaughlin,Active,True,24.0,chavo317,Jamar Javarison-Lamar,Ruben,3.0,UFA,2024.0,RB,$4.50,$4.50,$4.50,$4.50,
1.0680090641410621e+18,5.483171429683364e+17,7.0,11646,WR,Jalen Coker,Active,True,23.0,MikeNorys,Can't Stand Mike,Nick,1.0,FM,2025.0,WR,$8.00,$8.00,,,
1.0680090641410621e+18,5.584833889966367e+17,6.0,6904,QB,Jalen Hurts,Active,True,26.0,socalifjimmy,Marvinâ€™s Naberhood,Jim,1.0,FT,2025.0,QB,$47.25,$47.25,,,
1.0680090641410621e+18,5.947302549840773e+17,4.0,11618,WR,Jalen McMillan,Active,True,23.0,Darkwater59,Solana ðŸš€ ,Marcus-TS,2.0,2024-R3,2024.0,WR,$2.50,$2.50,$2.50,,
,,,,,Jalen Milroe,,,,,,Mike K-TS,3.0,2025-R2,2025.0,QB,$4.50,$4.50,$4.50,$4.50,
,,,,,Jalen Royals,,,,,,Chad,3.0,2025-R2,2025.0,WR,$4.00,$4.00,$4.00,$4.00,
1.0680090641410621e+18,5.6174719668064256e+17,5.0,8117,WR,Jalen Tolbert,Active,True,26.0,TMISH31,Chubba Lubba Dub Dub,,,,,,,,,,
1.0680090641410621e+18,5.6171540802973696e+17,2.0,9497,WR,Jalin Hyatt,Active,True,23.0,chavo317,Jamar Javarison-Lamar,Ruben,1.0,2023-R3,2023.0,WR,$2.75,$2.75,,,
1.0680090641410621e+18,5.953313246890476e+17,9.0,4149,RB,Jamaal Williams,Active,True,29.0,RunTheBrews,,,,,,,,,,,
,,,,,Jameis Winston,,,,,,Matt,3.0,UFA,2025.0,QB,$9.50,$9.50,$9.50,$9.50,
1.0680090641410621e+18,5.953313246890476e+17,9.0,4137,RB,James Conner,Active,True,30.0,RunTheBrews,,Chad,2.0,UFA,2024.0,RB,$15.00,$15.00,$15.00,,
1.0680090641410621e+18,4.721360335263457e+17,3.0,8138,RB,James Cook,Active,True,25.0,mrTman,SuckMyDitka,Nick,1.0,2022-R1,2022.0,RB,$6.00,$23.50,,,
1.0680090641410621e+18,5.954641587748782e+17,11.0,8148,WR,Jameson Williams,Active,True,24.0,Koko3321,Kupp the balls,Tommy,4.0,FM/Rstr2025,2025.0,WR,$32.50,$81.25,$16.25,$16.25,$16.25
1.0680090641410621e+18,5.953313246890476e+17,9.0,3163,QB,Jared Goff,Active,True,30.0,RunTheBrews,,Chad,1.0,RFA,2024.0,QB,$42.00,$42.00,,,
,,,,,Jarquez Hunter,,,,,,Ruben-TS,3.0,2025-R3,2025.0,RB,$3.75,$3.75,$3.75,$3.75,
1.0680090641410621e+18,5.6174719668064256e+17,5.0,7049,WR,Jauan Jennings,Active,True,27.0,TMISH31,Chubba Lubba Dub Dub,Nick,3.0,FM,2025.0,WR,$15.00,$15.00,$15.00,$15.00,
1.0680090641410621e+18,5.6174719668064256e+17,5.0,11645,WR,Javon Baker,Active,True,23.0,TMISH31,Chubba Lubba Dub Dub,Tyler-Cut,2.0,2024-R3,2024.0,WR,$3.75,$3.75,$3.75,,
1.0680090641410621e+18,4.518075416476344e+17,1.0,7588,RB,Javonte Williams,Active,True,25.0,kevo1022,Hobblin Dobbins,Marcus,4.0,FM,2025.0,RB,$7.00,$7.00,$7.00,$7.00,$7.00
,,,,,Jaxon Smith,,,,,,Marcus,2.0,2023-R1,2023.0,WR,$7.50,$7.50,$18.00,,
1.0680090641410621e+18,5.947302549840773e+17,4.0,9488,WR,Jaxon Smith-Njigba,Active,True,23.0,Darkwater59,Solana ðŸš€ ,,,,,,,,,,
,,,,,Jaxson Dart,,,,,,Nick-TS,3.0,2025-R1,2025.0,QB,$7.00,$7.00,$7.00,$7.00,
,,,,,Jayden Blue,,,,,,Matt-TS,3.0,2025-R2,2025.0,RB,$5.25,$5.25,$5.25,$5.25,
1.0680090641410621e+18,5.95421624581288e+17,10.0,11566,QB,Jayden Daniels,Active,True,24.0,MileHighMorty,Bijan* Mustard,Matt,2.0,2024-R1,2024.0,QB,$9.25,$9.25,$9.25,,
,,,,,Jayden Higgins,,,,,,Kevin-TS,3.0,2025-R2,2025.0,WR,$6.00,$6.00,$6.00,$6.00,
1.0680090641410621e+18,5.483171429683364e+17,7.0,10222,WR,Jayden Reed,Active,True,25.0,MikeNorys,Can't Stand Mike,Mike N,1.0,2023-R2,2023.0,WR,$3.75,$3.75,,,
1.0680090641410621e+18,5.953313246890476e+17,9.0,7526,WR,Jaylen Waddle,Active,True,26.0,RunTheBrews,,Chad,2.0,RFA,2025.0,WR,$30.00,$30.00,$30.00,,
1.0680090641410621e+18,5.6171540802973696e+17,2.0,8228,RB,Jaylen Warren,Active,True,26.0,chavo317,Jamar Javarison-Lamar,Ruben,2.0,UFA,2023.0,RB,$2.25,$2.25,$2.25,,
1.0680090641410621e+18,5.6174719668064256e+17,5.0,11643,RB,Jaylen Wright,Active,True,22.0,TMISH31,Chubba Lubba Dub Dub,Tyler,2.0,2024-R2,2024.0,RB,$4.75,$4.75,$4.75,,
,,,,,Jaylin Noel,,,,,,Tyler,3.0,2025-R3,2025.0,WR,$3.50,$3.50,$3.50,$3.50,
1.0680090641410621e+18,7.411449114070958e+17,12.0,5284,RB,Jeff Wilson,Active,True,29.0,beebudda,Ezekiel's nasty house,,,,,,,,,,
1.0680090641410621e+18,5.6174719668064256e+17,5.0,11640,WR,Jermaine Burton,Active,True,24.0,TMISH31,Chubba Lubba Dub Dub,Tyler-TS,2.0,2024-R3,2024.0,WR,$3.50,$3.50,$3.50,,
1.0680090641410621e+18,4.518075416476344e+17,1.0,8143,RB,Jerome Ford,Active,True,25.0,kevo1022,Hobblin Dobbins,Kevin,2.0,UFA,2023.0,RB,$4.50,$4.50,$4.50,,
1.0680090641410621e+18,5.6174719668064256e+17,5.0,6783,WR,Jerry Jeudy,Active,True,26.0,TMISH31,Chubba Lubba Dub Dub,Tyler,1.0,RFA,2024.0,WR,$18.25,$18.25,,,
1.0680090641410621e+18,5.95421624581288e+17,10.0,6770,QB,Joe Burrow,Active,True,28.0,MileHighMorty,Bijan* Mustard,Matt,1.0,RFA,2024.0,QB,$46.00,$46.00,,,
1.0680090641410621e+18,5.95421624581288e+17,10.0,11557,QB,Joe Milton,Active,True,25.0,MileHighMorty,Bijan* Mustard,Nick,2.0,UFA,2025.0,QB,$8.00,$8.00,$8.00,,
1.0680090641410621e+18,7.411449114070958e+17,12.0,4018,RB,Joe Mixon,Active,True,28.0,beebudda,Ezekiel's nasty house,Zeke,1.0,RFA,2024.0,RB,$30.00,$30.00,,,
1.0680090641410621e+18,5.953313246890476e+17,9.0,11636,WR,Johnny Wilson,Active,True,24.0,RunTheBrews,,Chad-TS,2.0,2024-R4,2024.0,WR,$1.00,$1.00,$1.00,,
1.0680090641410621e+18,7.411449114070958e+17,12.0,10225,WR,Jonathan Mingo,Active,True,24.0,beebudda,Ezekiel's nasty house,Zeke,1.0,2023-R2,2023.0,WR,$4.50,$4.50,,,
1.0680090641410621e+18,5.584833889966367e+17,6.0,6813,RB,Jonathan Taylor,Active,True,26.0,socalifjimmy,Marvinâ€™s Naberhood,Jim,2.0,RFA,2025.0,RB,$40.00,$40.00,$40.00,,
1.0680090641410621e+18,5.6171540802973696e+17,2.0,11583,RB,Jonathon Brooks,Active,True,21.0,chavo317,Jamar Javarison-Lamar,Ruben-IR,2.0,2024-R1,2024.0,RB,$7.75,$0.00,$7.75,,
1.0680090641410621e+18,5.947302549840773e+17,4.0,4144,TE,Jonnu Smith,Active,True,29.0,Darkwater59,Solana ðŸš€ ,Chad,3.0,UFA,2025.0,TE,$6.00,$6.00,$6.00,$6.00,
1.0680090641410621e+18,5.6174719668064256e+17,5.0,9756,WR,Jordan Addison,Active,True,23.0,TMISH31,Chubba Lubba Dub Dub,Tyler,2.0,2023-R1,2023.0,WR,$7.00,$7.00,$18.00,,
,,,,,Jordan James,,,,,,Zeke-TS,3.0,2025-R4,2025.0,RB,$2.00,$2.00,$2.00,$2.00,
1.0680090641410621e+18,4.721360335263457e+17,3.0,6804,QB,Jordan Love,Active,True,26.0,mrTman,SuckMyDitka,Tommy,1.0,RFA,2024.0,QB,$37.75,$37.75,,,
1.0680090641410621e+18,7.411449114070958e+17,12.0,8408,RB,Jordan Mason,Active,True,26.0,beebudda,Ezekiel's nasty house,Nick,3.0,FM,2025.0,RB,$14.00,$14.00,$14.00,$14.00,
1.0680090641410621e+18,1.0687067732232233e+18,8.0,11567,QB,Jordan Travis,Active,True,24.0,Tski25,Jabronis ,,,,,,,,,,
1.0680090641410621e+18,5.947302549840773e+17,4.0,4984,QB,Josh Allen,Active,True,29.0,Darkwater59,Solana ðŸš€ ,Marcus,2.0,RFA,2025.0,QB,$60.00,$30.00,$90.00,,
1.0680090641410621e+18,4.518075416476344e+17,1.0,9500,WR,Josh Downs,Active,True,23.0,kevo1022,Hobblin Dobbins,Kevin,1.0,2023-R2,2023.0,WR,$3.50,$3.50,,,
1.0680090641410621e+18,5.954641587748782e+17,11.0,5850,RB,Josh Jacobs,Active,True,27.0,Koko3321,Kupp the balls,Mike K,1.0,RFA,2024.0,RB,$38.00,$38.00,,,
1.0680090641410621e+18,5.95421624581288e+17,10.0,7670,WR,Joshua Palmer,Active,True,25.0,MileHighMorty,Bijan* Mustard,Matt,2.0,UFA,2024.0,WR,$13.00,$13.00,$13.00,,
1.0680090641410621e+18,1.0687067732232233e+18,8.0,5995,RB,Justice Hill,Active,True,27.0,Tski25,Jabronis ,,,,,,,,,,
1.0680090641410621e+18,4.721360335263457e+17,3.0,7591,QB,Justin Fields,Active,True,26.0,mrTman,SuckMyDitka,Mike K,2.0,UFA,2025.0,QB,$28.50,$28.50,$28.50,,
1.0680090641410621e+18,5.483171429683364e+17,7.0,6797,QB,Justin Herbert,Active,True,27.0,MikeNorys,Can't Stand Mike,Mike N,1.0,RFA,2024.0,QB,$37.75,$37.75,,,
1.0680090641410621e+18,5.6171540802973696e+17,2.0,6794,WR,Justin Jefferson,Active,True,26.0,chavo317,Jamar Javarison-Lamar,Ruben,1.0,RFA/Rstr2024,2024.0,WR,$41.00,$20.50,,,
1.0680090641410621e+18,1.0687067732232233e+18,8.0,7002,TE,Juwan Johnson,Active,True,28.0,Tski25,Jabronis ,,,,,,,,,,
1.0680090641410621e+18,7.411449114070958e+17,12.0,7066,WR,K.J. Osborn,Active,True,28.0,beebudda,Ezekiel's nasty house,,,,,,,,,,
,,,,,Kaleb Johnson,,,,,,Tommy,3.0,2025-R1,2025.0,RB,$8.00,$8.00,$8.00,$8.00,
1.0680090641410621e+18,5.947302549840773e+17,4.0,4098,RB,Kareem Hunt,Active,True,29.0,Darkwater59,Solana ðŸš€ ,Kevin,1.0,UFA,2025.0,RB,$9.50,$9.50,,,
1.0680090641410621e+18,5.6171540802973696e+17,2.0,9504,WR,Kayshon Boutte,Active,True,23.0,chavo317,Jamar Javarison-Lamar,,,,,,,,,,
1.0680090641410621e+18,5.954641587748782e+17,11.0,8221,RB,Keaontay Ingram,Inactive,True,25.0,Koko3321,Kupp the balls,,,,,,,,,,
1.0680090641410621e+18,5.6171540802973696e+17,2.0,9511,RB,Keaton Mitchell,Active,True,23.0,chavo317,Jamar Javarison-Lamar,Ruben,3.0,UFA,2024.0,RB,$4.75,$4.75,$4.75,$4.75,
1.0680090641410621e+18,5.953313246890476e+17,9.0,1479,WR,Keenan Allen,Active,True,32.0,RunTheBrews,,Kevin,2.0,FM,2025.0,WR,$5.25,$5.25,$5.25,,
1.0680090641410621e+18,5.6174719668064256e+17,5.0,9757,RB,Kendre Miller,Active,True,23.0,TMISH31,Chubba Lubba Dub Dub,Tyler,1.0,2023-R2,2023.0,RB,$4.75,$4.75,,,
1.0680090641410621e+18,5.954641587748782e+17,11.0,4454,WR,Kendrick Bourne,Active,True,29.0,Koko3321,Kupp the balls,Mike K,1.0,UFA,2022.0,WR,$3.00,$3.00,,,
1.0680090641410621e+18,4.518075416476344e+17,1.0,7567,RB,Kenneth Gainwell,Active,True,26.0,kevo1022,Hobblin Dobbins,,,,,,,,,,
1.0680090641410621e+18,5.947302549840773e+17,4.0,8151,RB,Kenneth Walker,Active,True,24.0,Darkwater59,Solana ðŸš€ ,Marcus,1.0,2022-R1,2022.0,RB,$7.50,$11.75,,,
1.0680090641410621e+18,5.95421624581288e+17,10.0,10216,RB,Kenny McIntosh,Active,True,25.0,MileHighMorty,Bijan* Mustard,,,,,,,,,,
1.0680090641410621e+18,4.721360335263457e+17,3.0,8160,QB,Kenny Pickett,Active,True,27.0,mrTman,SuckMyDitka,,,,,,,,,,
1.0680090641410621e+18,5.483171429683364e+17,7.0,11637,WR,Keon Coleman,Active,True,22.0,MikeNorys,Can't Stand Mike,Mike N,2.0,2024-R2,2024.0,WR,$6.25,$6.25,$6.25,,
1.0680090641410621e+18,5.483171429683364e+17,7.0,7608,RB,Khalil Herbert,Active,True,27.0,MikeNorys,Can't Stand Mike,Mike N,1.0,UFA,2024.0,RB,$2.50,$2.50,,,
1.0680090641410621e+18,1.0687067732232233e+18,8.0,8134,WR,Khalil Shakir,Active,True,25.0,Tski25,Jabronis ,Nick,1.0,RFA,2024.0,WR,$12.25,$12.25,,,
1.0680090641410621e+18,5.953313246890476e+17,9.0,11647,RB,Kimani Vidal,Active,True,23.0,RunTheBrews,,Chad-TS,2.0,2024-R3,2024.0,RB,$4.00,$4.00,$4.00,,
1.0680090641410621e+18,4.518075416476344e+17,1.0,1166,QB,Kirk Cousins,Active,True,36.0,kevo1022,Hobblin Dobbins,Mike N,2.0,FM,2025.0,QB,$4.00,$4.00,$4.00,,
1.0680090641410621e+18,5.947302549840773e+17,4.0,7553,TE,Kyle Pitts,Active,True,24.0,Darkwater59,Solana ðŸš€ ,Marcus,2.0,RFA,2025.0,TE,$14.00,$14.00,$14.00,,
,,,,,Kyle Williams,,,,,,Mike K-TS,3.0,2025-R2,2025.0,WR,$4.00,$4.00,$4.00,$4.00,
1.0680090641410621e+18,5.6171540802973696e+17,2.0,5849,QB,Kyler Murray,Active,True,27.0,chavo317,Jamar Javarison-Lamar,Ruben,3.0,FM,2024.0,QB,$62.00,$72.25,$72.25,$72.50,
1.0680090641410621e+18,5.953313246890476e+17,9.0,8150,RB,Kyren Williams,Active,True,24.0,RunTheBrews,,Chad,2.0,RFA,2025.0,RB,$38.00,$38.00,$38.00,,
1.0680090641410621e+18,4.518075416476344e+17,1.0,11635,WR,Ladd McConkey,Active,True,23.0,kevo1022,Hobblin Dobbins,Kevin,2.0,2024-R1,2024.0,WR,$7.00,$7.00,$7.00,,
1.0680090641410621e+18,5.6171540802973696e+17,2.0,4881,QB,Lamar Jackson,Active,True,28.0,chavo317,Jamar Javarison-Lamar,Ruben,1.0,RFA,2024.0,QB,$54.00,$54.00,,,
1.0680090641410621e+18,5.483171429683364e+17,7.0,11650,WR,Luke McCaffrey,Active,True,24.0,MikeNorys,Can't Stand Mike,Nick,2.0,2024-R3,2024.0,WR,$2.75,$2.75,$2.75,,
1.0680090641410621e+18,5.6174719668064256e+17,5.0,9481,TE,Luke Musgrave,Active,True,24.0,TMISH31,Chubba Lubba Dub Dub,Tyler,1.0,2023-R3,2023.0,TE,$2.75,$2.75,,,
1.0680090641410621e+18,5.95421624581288e+17,10.0,10871,TE,Luke Schoonmaker,Active,True,26.0,MileHighMorty,Bijan* Mustard,,,,,,,,,,
,,,,,Luther Burden,,,,,,Ruben-TS,3.0,2025-R2,2025.0,WR,$6.50,$6.50,$6.50,$6.50,
1.0680090641410621e+18,5.95421624581288e+17,10.0,7527,QB,Mac Jones,Active,True,26.0,MileHighMorty,Bijan* Mustard,,,,,,,,,,
1.0680090641410621e+18,5.95421624581288e+17,10.0,11617,WR,Malachi Corley,Active,True,23.0,MileHighMorty,Bijan* Mustard,Matt,2.0,2024-R3,2024.0,WR,$3.50,$3.50,$3.50,,
1.0680090641410621e+18,5.584833889966367e+17,6.0,11632,WR,Malik Nabers,Active,True,21.0,socalifjimmy,Marvinâ€™s Naberhood,Jim,2.0,2024-R1/Rstr,2024.0,WR,$9.00,$4.50,$13.50,,
1.0680090641410621e+18,5.6171540802973696e+17,2.0,11610,WR,Malik Washington,Active,True,24.0,chavo317,Jamar Javarison-Lamar,Ruben-TS,2.0,2024-R3,2024.0,WR,$2.50,$2.50,$2.50,,
1.0680090641410621e+18,5.953313246890476e+17,9.0,8161,QB,Malik Willis,Active,True,26.0,RunTheBrews,,,,,,,,,,,
1.0680090641410621e+18,5.6174719668064256e+17,5.0,11581,RB,MarShawn Lloyd,Active,True,24.0,TMISH31,Chubba Lubba Dub Dub,Tyler,2.0,2024-R2,2024.0,RB,$4.50,$4.50,$4.50,,
1.0680090641410621e+18,5.483171429683364e+17,7.0,5012,TE,Mark Andrews,Active,True,29.0,MikeNorys,Can't Stand Mike,Mike N,3.0,FM,2024.0,TE,$24.50,$12.25,$12.25,$12.25,
1.0680090641410621e+18,5.584833889966367e+17,6.0,11628,WR,Marvin Harrison,Active,True,22.0,socalifjimmy,Marvinâ€™s Naberhood,Jim,2.0,2024-R1,2024.0,WR,$9.75,$9.75,$9.75,,
1.0680090641410621e+18,5.953313246890476e+17,9.0,9494,WR,Marvin Mims,Active,True,23.0,RunTheBrews,,Chad,1.0,2023-R2,2023.0,WR,$4.25,$4.25,,,
1.0680090641410621e+18,5.947302549840773e+17,4.0,4972,QB,Mason Rudolph,Active,True,29.0,Darkwater59,Solana ðŸš€ ,,,,,,,,,,
,,,,,Mason Taylor,,,,,,Kevin-TS,3.0,2025-R2,2025.0,TE,$5.50,$5.50,$5.50,$5.50,
,,,,,Matthew Golden,,,,,,Mike K,3.0,2025-R1,2025.0,WR,$7.50,$7.50,$7.50,$7.50,
1.0680090641410621e+18,5.584833889966367e+17,6.0,421,QB,Matthew Stafford,Active,True,37.0,socalifjimmy,Marvinâ€™s Naberhood,Jim,3.0,FM,2024.0,QB,$26.00,$26.00,$26.00,$26.00,
1.0680090641410621e+18,5.483171429683364e+17,7.0,9482,TE,Michael Mayer,Active,True,23.0,MikeNorys,Can't Stand Mike,,,,,,,,,,
1.0680090641410621e+18,5.584833889966367e+17,6.0,11559,QB,Michael Penix,Active,True,25.0,socalifjimmy,Marvinâ€™s Naberhood,Jim,2.0,2024-R2,2024.0,QB,$6.50,$6.50,$6.50,,
1.0680090641410621e+18,4.721360335263457e+17,3.0,6819,WR,Michael Pittman,Active,True,27.0,mrTman,SuckMyDitka,Mike N,3.0,UFA,2025.0,WR,$19.50,$19.50,$19.50,$19.50,
1.0680090641410621e+18,5.953313246890476e+17,9.0,10232,WR,Michael Wilson,Active,True,25.0,RunTheBrews,,Chad,1.0,2023-R3,2023.0,WR,$1.75,$1.75,,,
1.0680090641410621e+18,7.411449114070958e+17,12.0,2216,WR,Mike Evans,Active,True,31.0,beebudda,Ezekiel's nasty house,Zeke,3.0,FM,2024.0,WR,$20.00,$20.00,$20.00,$20.00,
1.0680090641410621e+18,7.411449114070958e+17,12.0,4068,WR,Mike Williams,Active,True,30.0,beebudda,Ezekiel's nasty house,Zeke,4.0,FM,2025.0,WR,$6.00,$6.00,$6.00,$6.00,$6.00
,,,,,Miles Sanders,,,,,,Marcus,4.0,UFA,2025.0,RB,$0.50,$0.50,$0.50,$0.50,$0.50
1.0680090641410621e+18,4.721360335263457e+17,3.0,7528,RB,Najee Harris,Active,True,27.0,mrTman,SuckMyDitka,Nick,3.0,FM,2025.0,RB,$10.00,$10.00,$10.00,$10.00,
1.0680090641410621e+18,5.6174719668064256e+17,5.0,4988,RB,Nick Chubb,Active,True,29.0,TMISH31,Chubba Lubba Dub Dub,Tyler,1.0,RFA,2024.0,RB,$27.75,$27.75,,,
1.0680090641410621e+18,5.95421624581288e+17,10.0,7496,WR,Nick Westbrook-Ikhine,Active,True,28.0,MileHighMorty,Bijan* Mustard,,,,,,,,,,
1.0680090641410621e+18,5.947302549840773e+17,4.0,7569,WR,Nico Collins,Active,True,26.0,Darkwater59,Solana ðŸš€ ,Zeke,1.0,RFA,2024.0,WR,$20.00,$20.00,,,
1.0680090641410621e+18,5.6171540802973696e+17,2.0,4234,WR,Noah Brown,Active,True,29.0,chavo317,Jamar Javarison-Lamar,,,,,,,,,,
1.0680090641410621e+18,5.953313246890476e+17,9.0,5857,TE,Noah Fant,Active,True,27.0,RunTheBrews,,,,,,,,,,,
1.0680090641410621e+18,5.6174719668064256e+17,5.0,2078,WR,Odell Beckham,Active,True,32.0,TMISH31,Chubba Lubba Dub Dub,,,,,,,,,,
,,,,,Ollie Gordon,,,,,,Mike K-TS,3.0,2025-R3,2025.0,RB,$3.25,$3.25,$3.25,$3.25,
,,,,,Omarion Hampton,,,,,,Mike N,3.0,2025-R1,2025.0,RB,$9.50,$9.50,$9.50,$9.50,
,,,,,Oronde Gadsden,,,,,,Matt-TS,3.0,2025-R4,2025.0,TE,$1.50,$1.50,$1.50,$1.50,
1.0680090641410621e+18,5.953313246890476e+17,9.0,9487,WR,Parker Washington,Active,True,23.0,RunTheBrews,,,,,,,,,,,
,,,,,Pat Bryant,,,,,,Chad,3.0,2025-R3,2025.0,WR,$3.25,$3.25,$3.25,$3.25,
1.0680090641410621e+18,5.954641587748782e+17,11.0,7600,TE,Pat Freiermuth,Active,True,26.0,Koko3321,Kupp the balls,Mike K,3.0,FM,2024.0,TE,$11.00,$11.00,$11.00,$11.00,
1.0680090641410621e+18,5.947302549840773e+17,4.0,4046,QB,Patrick Mahomes,Active,True,29.0,Darkwater59,Solana ðŸš€ ,Marcus,1.0,RFA,2024.0,QB,$55.00,$82.50,,,
1.0680090641410621e+18,4.721360335263457e+17,3.0,6963,RB,Patrick Taylor,Active,True,27.0,mrTman,SuckMyDitka,,,,,,,,,,
1.0680090641410621e+18,7.411449114070958e+17,12.0,8116,RB,Pierre Strong,Active,True,26.0,beebudda,Ezekiel's nasty house,,,,,,,,,,
1.0680090641410621e+18,4.518075416476344e+17,1.0,9493,WR,Puka Nacua,Active,True,24.0,kevo1022,Hobblin Dobbins,Kevin,1.0,2023-R4,2023.0,WR,$1.00,$1.00,,,
1.0680090641410621e+18,5.584833889966367e+17,6.0,9754,WR,Quentin Johnston,Active,True,23.0,socalifjimmy,Marvinâ€™s Naberhood,Jim,2.0,2023-R1,2023.0,WR,$6.75,$6.75,$18.00,,
,,,,,Quinn Ewers,,,,,,Mike K-TS,3.0,2025-R4,2025.0,QB,$1.25,$1.25,$1.25,$1.25,
,,,,,Quinshon Judkins,,,,,,Marcus,3.0,2025-R1,2025.0,RB,$8.50,$8.50,$8.50,$8.50,
,,,,,RJ Harvey,,,,,,Marcus,3.0,2025-R1,2025.0,RB,$7.75,$7.75,$7.75,$7.75,
1.0680090641410621e+18,5.584833889966367e+17,6.0,8136,RB,Rachaad White,Active,True,26.0,socalifjimmy,Marvinâ€™s Naberhood,Nick,3.0,FM,2025.0,RB,$6.50,$6.50,$6.50,$6.50,
1.0680090641410621e+18,5.6171540802973696e+17,2.0,8255,RB,Raheem Blackshear,Active,True,27.0,chavo317,Jamar Javarison-Lamar,,,,,,,,,,
1.0680090641410621e+18,7.411449114070958e+17,12.0,2749,RB,Raheem Mostert,Active,True,33.0,beebudda,Ezekiel's nasty house,,,,,,,,,,
1.0680090641410621e+18,7.411449114070958e+17,12.0,10229,WR,Rashee Rice,Active,True,25.0,beebudda,Ezekiel's nasty house,Zeke,1.0,2023-R2,2023.0,WR,$5.00,$5.00,,,
1.0680090641410621e+18,5.6171540802973696e+17,2.0,8676,WR,Rashid Shaheed,Active,True,26.0,chavo317,Jamar Javarison-Lamar,Nick,3.0,FM,2025.0,WR,$12.50,$12.50,$12.50,$12.50,
1.0680090641410621e+18,5.584833889966367e+17,6.0,7571,WR,Rashod Bateman,Active,True,25.0,socalifjimmy,Marvinâ€™s Naberhood,Jim,1.0,FM,2024.0,WR,$3.00,$3.00,,,
1.0680090641410621e+18,5.6171540802973696e+17,2.0,11575,RB,Ray Davis,Active,True,25.0,chavo317,Jamar Javarison-Lamar,Ruben-TS,2.0,2024-R3,2024.0,RB,$3.25,$3.25,$3.25,,
1.0680090641410621e+18,4.721360335263457e+17,3.0,7611,RB,Rhamondre Stevenson,Active,True,27.0,mrTman,SuckMyDitka,Tommy,1.0,RFA,2024.0,RB,$27.00,$27.00,,,
1.0680090641410621e+18,1.0687067732232233e+18,8.0,11638,WR,Ricky Pearsall,Active,True,24.0,Tski25,Jabronis ,Tommy,2.0,2024-R2,2024.0,WR,$5.25,$5.25,$5.25,,
1.0680090641410621e+18,5.95421624581288e+17,10.0,7021,RB,Rico Dowdle,Active,True,27.0,MileHighMorty,Bijan* Mustard,Matt,2.0,UFA,2024.0,RB,$5.00,$5.00,$5.00,,
,,,,,Riley Leonard,,,,,,Nick-TS,3.0,2025-R3,2025.0,QB,$2.50,$2.50,$2.50,$2.50,
1.0680090641410621e+18,1.0687067732232233e+18,8.0,11630,WR,Roman Wilson,Active,True,24.0,Tski25,Jabronis ,Nick-TS,2.0,2024-R4,2024.0,WR,$4.00,$4.00,$4.00,,
1.0680090641410621e+18,5.6174719668064256e+17,5.0,11620,WR,Rome Odunze,Active,True,23.0,TMISH31,Chubba Lubba Dub Dub,Mike N,2.0,2024-R1,2024.0,WR,$8.75,$8.75,$8.75,,
1.0680090641410621e+18,4.721360335263457e+17,3.0,8121,WR,Romeo Doubs,Active,True,25.0,mrTman,SuckMyDitka,,,,,,,,,,
1.0680090641410621e+18,5.6174719668064256e+17,5.0,10235,RB,Roschon Johnson,Active,True,24.0,TMISH31,Chubba Lubba Dub Dub,Tyler,1.0,2023-R3,2023.0,RB,$3.00,$3.00,,,
1.0680090641410621e+18,4.721360335263457e+17,3.0,1234,QB,Russell Wilson,Active,True,36.0,mrTman,SuckMyDitka,Nick,3.0,UFA,2024.0,QB,$24.00,$24.00,$24.00,$24.00,
1.0680090641410621e+18,5.947302549840773e+17,4.0,4943,QB,Sam Darnold,Active,True,28.0,Darkwater59,Solana ðŸš€ ,Matt,3.0,FM,2025.0,QB,$26.50,$26.50,$26.50,$26.50,
1.0680090641410621e+18,4.721360335263457e+17,3.0,8162,QB,Sam Howell,Active,True,24.0,mrTman,SuckMyDitka,,,,,,,,,,
1.0680090641410621e+18,5.953313246890476e+17,9.0,10859,TE,Sam LaPorta,Active,True,24.0,RunTheBrews,,Chad,1.0,2023-R2,2023.0,TE,$3.25,$3.25,,,
1.0680090641410621e+18,5.947302549840773e+17,4.0,4147,RB,Samaje Perine,Active,True,29.0,Darkwater59,Solana ðŸš€ ,Marcus,3.0,UFA,2024.0,RB,$1.00,$1.00,$1.00,$1.00,
1.0680090641410621e+18,4.518075416476344e+17,1.0,4866,RB,Saquon Barkley,Active,True,28.0,kevo1022,Hobblin Dobbins,Kevin,1.0,UFA,2022.0,RB,$33.50,$33.50,,,
,,,,,Savion Williams,,,,,,Kevin,3.0,2025-R4,2025.0,WR,$1.00,$1.00,$1.00,$1.00,
1.0680090641410621e+18,5.953313246890476e+17,9.0,9506,RB,Sean Tucker,Active,True,23.0,RunTheBrews,,,,,,,,,,,
,,,,,Shadeur Sanders,,,,,,Tommy-TS,3.0,2025-R2,2025.0,QB,$4.75,$4.75,$4.75,$4.75,
1.0680090641410621e+18,4.518075416476344e+17,1.0,8220,RB,Sincere McCormick,Active,True,24.0,kevo1022,Hobblin Dobbins,,,,,,,,,,
1.0680090641410621e+18,5.483171429683364e+17,7.0,11729,RB,Sione Vaki,Active,True,23.0,MikeNorys,Can't Stand Mike,,,,,,,,,,
1.0680090641410621e+18,1.0687067732232233e+18,8.0,11562,QB,Spencer Rattler,Active,True,24.0,Tski25,Jabronis ,Tommy,2.0,2024-R3,2024.0,QB,$2.75,$2.75,$2.75,,
1.0680090641410621e+18,5.95421624581288e+17,10.0,2449,WR,Stefon Diggs,Active,True,31.0,MileHighMorty,Bijan* Mustard,Matt,1.0,RFA,2024.0,WR,$21.00,$21.00,,,
1.0680090641410621e+18,7.411449114070958e+17,12.0,10857,QB,Stetson Bennett,Active,True,27.0,beebudda,Ezekiel's nasty house,Zeke,1.0,2023-R4,2023.0,QB,$1.00,$1.00,,,
1.0680090641410621e+18,5.95421624581288e+17,10.0,5844,TE,T.J. Hockenson,Active,True,27.0,MileHighMorty,Bijan* Mustard,Matt,3.0,FM,2024.0,TE,$17.50,$17.50,$17.50,$17.50,
,,,,,Tahj Brooks,,,,,,Ruben,3.0,2025-R4,2025.0,RB,$1.75,$1.75,$1.75,$1.75,
,,,,,Tai Felton,,,,,,Jim,3.0,2025-R4,2025.0,WR,$1.00,$1.00,$1.00,$1.00,
1.0680090641410621e+18,5.954641587748782e+17,11.0,9225,RB,Tank Bigsby,Active,True,22.0,Koko3321,Kupp the balls,Mike K,1.0,2023-R2,2023.0,RB,$3.75,$3.75,,,
1.0680090641410621e+18,5.483171429683364e+17,7.0,9502,WR,Tank Dell,Active,True,25.0,MikeNorys,Can't Stand Mike,Mike N-IR,1.0,2023-R3,2023.0,WR,$2.00,$0.00,,,
1.0680090641410621e+18,5.953313246890476e+17,9.0,4381,TE,Taysom Hill,Active,True,34.0,RunTheBrews,,,,,,,,,,,
1.0680090641410621e+18,5.584833889966367e+17,6.0,6801,WR,Tee Higgins,Active,True,26.0,socalifjimmy,Marvinâ€™s Naberhood,Jim,1.0,RFA,2024.0,WR,$18.25,$18.25,,,
,,,,,Terrance Ferguson,,,,,,Zeke-TS,3.0,2025-R3,2025.0,TE,$3.50,$3.50,$3.50,$3.50,
1.0680090641410621e+18,5.584833889966367e+17,6.0,5927,WR,Terry McLaurin,Active,True,29.0,socalifjimmy,Marvinâ€™s Naberhood,Jim,1.0,RFA,2024.0,WR,$18.25,$18.25,,,
,,,,,Tetairoa McMillan,,,,,,Matt,3.0,2025-R1,2025.0,WR,$8.25,$8.25,$8.25,$8.25,
1.0680090641410621e+18,7.411449114070958e+17,12.0,11597,TE,Theo Johnson,Active,True,24.0,beebudda,Ezekiel's nasty house,Zeke,2.0,2024-R4,2024.0,TE,$2.00,$2.00,$2.00,,
1.0680090641410621e+18,5.947302549840773e+17,4.0,11292,QB,Tommy DeVito,Active,True,26.0,Darkwater59,Solana ðŸš€ ,,,,,,,,,,
1.0680090641410621e+18,5.584833889966367e+17,6.0,5967,RB,Tony Pollard,Active,True,28.0,socalifjimmy,Marvinâ€™s Naberhood,Jim,1.0,FM,2022.0,RB,$10.00,$10.00,,,
,,,,,Tory Horton,,,,,,Chad-TS,3.0,2025-R4,2025.0,WR,$1.50,$1.50,$1.50,$1.50,
1.0680090641410621e+18,5.947302549840773e+17,4.0,7543,RB,Travis Etienne,Active,True,26.0,Darkwater59,Solana ðŸš€ ,Tommy,2.0,UFA,2025.0,RB,$26.50,$26.50,$26.50,,
1.0680090641410621e+18,5.947302549840773e+17,4.0,6012,RB,Travis Homer,Active,True,26.0,Darkwater59,Solana ðŸš€ ,,,,,,,,,,
,,,,,Travis Hunter,,,,,,Mike N,3.0,2025-R1,2025.0,WR,$9.25,$9.25,$9.25,$9.25,
1.0680090641410621e+18,4.518075416476344e+17,1.0,1466,TE,Travis Kelce,Active,True,35.0,kevo1022,Hobblin Dobbins,Kevin,3.0,FM,2024.0,TE,$18.00,$18.00,$18.00,$18.00,
,,,,,Tre Harris,,,,,,Tyler,3.0,2025-R2,2025.0,WR,$5.00,$5.00,$5.00,$5.00,
1.0680090641410621e+18,5.584833889966367e+17,6.0,10213,WR,Tre Tucker,Active,True,24.0,socalifjimmy,Marvinâ€™s Naberhood,Jim,1.0,2023-R4,2023.0,WR,$1.50,$1.50,,,
,,,,,TreVeyon Henderson,,,,,,Jim,3.0,2025-R1,2025.0,RB,$9.00,$9.00,$9.00,$9.00,
,,,,,Trevor Etienne,,,,,,Tommy,3.0,2025-R4,2025.0,RB,$1.00,$1.00,$1.00,$1.00,
1.0680090641410621e+18,5.6174719668064256e+17,5.0,7523,QB,Trevor Lawrence,Active,True,25.0,TMISH31,Chubba Lubba Dub Dub,Tyler,2.0,RFA,2025.0,QB,$37.75,$37.75,$37.75,,
1.0680090641410621e+18,5.6174719668064256e+17,5.0,11589,RB,Trey Benson,Active,True,22.0,TMISH31,Chubba Lubba Dub Dub,Tyler,2.0,2024-R2,2024.0,RB,$6.75,$6.75,$6.75,,
1.0680090641410621e+18,4.721360335263457e+17,3.0,8130,TE,Trey McBride,Active,True,25.0,mrTman,SuckMyDitka,Nick,2.0,RFA,2025.0,TE,$20.00,$20.00,$20.00,,
1.0680090641410621e+18,5.483171429683364e+17,7.0,9492,WR,Trey Palmer,Active,True,24.0,MikeNorys,Can't Stand Mike,Mike N,1.0,2023-R4,2023.0,WR,$1.00,$1.00,,,
1.0680090641410621e+18,5.483171429683364e+17,7.0,11627,WR,Troy Franklin,Active,True,22.0,MikeNorys,Can't Stand Mike,Mike N-TS,2.0,2024-R2,2024.0,WR,$5.00,$5.00,$5.00,,
1.0680090641410621e+18,5.954641587748782e+17,11.0,6768,QB,Tua Tagovailoa,Active,True,27.0,Koko3321,Kupp the balls,Mike K,1.0,RFA,2024.0,QB,$40.00,$40.00,,,
1.0680090641410621e+18,5.6174719668064256e+17,5.0,9484,TE,Tucker Kraft,Active,True,24.0,TMISH31,Chubba Lubba Dub Dub,Tyler,1.0,2023-R4,2023.0,TE,$1.25,$1.25,,,
1.0680090641410621e+18,1.0687067732232233e+18,8.0,7562,WR,Tutu Atwell,Active,True,25.0,Tski25,Jabronis ,,,,,,,,,,
1.0680090641410621e+18,5.6174719668064256e+17,5.0,8230,RB,Ty Chandler,Active,True,27.0,TMISH31,Chubba Lubba Dub Dub,,,,,,,,,,
1.0680090641410621e+18,5.95421624581288e+17,10.0,9508,RB,Tyjae Spears,Active,True,24.0,MileHighMorty,Bijan* Mustard,Matt,1.0,2023-R2,2023.0,RB,$4.00,$4.00,,,
1.0680090641410621e+18,5.95421624581288e+17,10.0,8132,RB,Tyler Allgeier,Active,True,25.0,MileHighMorty,Bijan* Mustard,Zeke,3.0,FM,2025.0,RB,$10.00,$10.00,$10.00,$10.00,
1.0680090641410621e+18,5.6174719668064256e+17,5.0,8208,RB,Tyler Badie,Active,True,25.0,TMISH31,Chubba Lubba Dub Dub,,,,,,,,,,
1.0680090641410621e+18,1.0687067732232233e+18,8.0,7083,QB,Tyler Huntley,Active,True,27.0,Tski25,Jabronis ,,,,,,,,,,
1.0680090641410621e+18,5.6171540802973696e+17,2.0,2374,WR,Tyler Lockett,Active,True,32.0,chavo317,Jamar Javarison-Lamar,,,,,,,,,,
,,,,,Tyler Shough,,,,,,Mike K,3.0,2025-R2,2025.0,QB,$4.00,$4.00,$4.00,$4.00,
,,,,,Tyler Warren,,,,,,Chad,3.0,2025-R2,2025.0,TE,$5.75,$5.75,$5.75,$5.75,
1.0680090641410621e+18,5.95421624581288e+17,10.0,3321,WR,Tyreek Hill,Active,True,31.0,MileHighMorty,Bijan* Mustard,Matt,2.0,RFA,2025.0,WR,$34.00,$34.00,$34.00,,
1.0680090641410621e+18,5.95421624581288e+17,10.0,11655,RB,Tyrone Tracy,Active,True,25.0,MileHighMorty,Bijan* Mustard,Matt,2.0,2024-R4,2024.0,RB,$2.00,$2.00,$2.00,,
1.0680090641410621e+18,5.95421624581288e+17,10.0,8126,WR,WanDale Robinson,Active,True,24.0,MileHighMorty,Bijan* Mustard,Matt,4.0,FM,2025.0,WR,$8.75,$8.75,$8.75,$8.75,$8.75
1.0680090641410621e+18,5.584833889966367e+17,6.0,5010,TE,Will Dissly,Active,True,28.0,socalifjimmy,Marvinâ€™s Naberhood,,,,,,,,,,
,,,,,Will Howard,,,,,,Nick-TS,3.0,2025-R3,2025.0,QB,$3.00,$3.00,$3.00,$3.00,
1.0680090641410621e+18,5.953313246890476e+17,9.0,9999,QB,Will Levis,Active,True,26.0,RunTheBrews,,Chad,1.0,2023-R1,2023.0,QB,$5.75,$5.75,,,
1.0680090641410621e+18,5.954641587748782e+17,11.0,11577,RB,Will Shipley,Active,True,22.0,Koko3321,Kupp the balls,Mike K,2.0,2024-R4,2024.0,RB,$2.25,$2.25,$2.25,,
,,,,,Woody Marks,,,,,,Chad,3.0,2025-R4,2025.0,RB,$1.75,$1.75,$1.75,$1.75,
1.0680090641410621e+18,1.0687067732232233e+18,8.0,11626,WR,Xavier Legette,Active,True,24.0,Tski25,Jabronis ,Tommy,2.0,2024-R2,2024.0,WR,$4.25,$4.25,$4.25,,
1.0680090641410621e+18,5.953313246890476e+17,9.0,11624,WR,Xavier Worthy,Active,True,22.0,RunTheBrews,,Kevin,2.0,2024-R1,2024.0,WR,$7.25,$7.25,$7.25,,
1.0680090641410621e+18,5.584833889966367e+17,6.0,9753,RB,Zach Charbonnet,Active,True,24.0,socalifjimmy,Marvinâ€™s Naberhood,Jim,2.0,2023-R1,2023.0,RB,$6.00,$6.00,$23.50,,
1.0680090641410621e+18,5.95421624581288e+17,10.0,1339,TE,Zach Ertz,Active,True,34.0,MileHighMorty,Bijan* Mustard,,,,,,,,,,
1.0680090641410621e+18,4.721360335263457e+17,3.0,6845,RB,Zack Moss,Active,True,27.0,mrTman,SuckMyDitka,Nick,3.0,UFA,2024.0,RB,$13.00,$13.00,$13.00,$13.00,
1.0680090641410621e+18,4.721360335263457e+17,3.0,8139,RB,Zamir White,Active,True,25.0,mrTman,SuckMyDitka,Tommy-Cut,3.0,FM,2024.0,RB,$27.00,$27.00,$27.00,$27.00,
1.0680090641410621e+18,1.0687067732232233e+18,8.0,9997,WR,Zay Flowers,Active,True,24.0,Tski25,Jabronis ,Tommy,1.0,2023-R2,2023.0,WR,$5.50,$5.50,,,
1.0680090641410621e+18,1.0687067732232233e+18,8.0,4080,WR,Zay Jones,Active,True,30.0,Tski25,Jabronis ,,,,,,,,,,
